theorem_name,node_id,parent_id,node_type,state_text,tactic,step_logprob,priority,depth,ppl,order_of_expansion,error_message,path_from_root,on_success_path,theorem_status
Algebra.map_leftMulMatrix_localization,0,,InternalNode,"R : Type u_1
S : Type u_2
inst‚úĚ¬Ļ‚Āī : CommRing R
inst‚úĚ¬Ļ¬≥ : CommRing S
inst‚úĚ¬Ļ¬≤ : Algebra R S
R‚āė : Type u_3
S‚āė : Type u_4
inst‚úĚ¬Ļ¬Ļ : CommRing R‚āė
inst‚úĚ¬Ļ‚Āį : Algebra R R‚āė
inst‚úĚ‚ĀĻ : CommRing S‚āė
inst‚úĚ‚Āł : Algebra S S‚āė
M : Submonoid R
inst‚úĚ‚Ā∑ : IsLocalization M R‚āė
inst‚úĚ‚Ā∂ : IsLocalization (algebraMapSubmonoid S M) S‚āė
inst‚úĚ‚ĀĶ : Algebra R‚āė S‚āė
inst‚úĚ‚Āī : Algebra R S‚āė
inst‚úĚ¬≥ : IsScalarTower R R‚āė S‚āė
inst‚úĚ¬≤ : IsScalarTower R S S‚āė
őĻ : Type u_5
inst‚úĚ¬Ļ : Fintype őĻ
inst‚úĚ : DecidableEq őĻ
b : Basis őĻ R S
a : S
‚äĘ (algebraMap R R‚āė).mapMatrix ((leftMulMatrix b) a) =
    (leftMulMatrix (Basis.localizationLocalization R‚āė M S‚āė b)) ((algebraMap S S‚āė) a)",,0.0,0.0,0,,1,,[],False,Failed
Algebra.map_leftMulMatrix_localization,5,0.0,InternalNode,"case a
R : Type u_1
S : Type u_2
inst‚úĚ¬Ļ‚Āī : CommRing R
inst‚úĚ¬Ļ¬≥ : CommRing S
inst‚úĚ¬Ļ¬≤ : Algebra R S
R‚āė : Type u_3
S‚āė : Type u_4
inst‚úĚ¬Ļ¬Ļ : CommRing R‚āė
inst‚úĚ¬Ļ‚Āį : Algebra R R‚āė
inst‚úĚ‚ĀĻ : CommRing S‚āė
inst‚úĚ‚Āł : Algebra S S‚āė
M : Submonoid R
inst‚úĚ‚Ā∑ : IsLocalization M R‚āė
inst‚úĚ‚Ā∂ : IsLocalization (algebraMapSubmonoid S M) S‚āė
inst‚úĚ‚ĀĶ : Algebra R‚āė S‚āė
inst‚úĚ‚Āī : Algebra R S‚āė
inst‚úĚ¬≥ : IsScalarTower R R‚āė S‚āė
inst‚úĚ¬≤ : IsScalarTower R S S‚āė
őĻ : Type u_5
inst‚úĚ¬Ļ : Fintype őĻ
inst‚úĚ : DecidableEq őĻ
b : Basis őĻ R S
a : S
i j : őĻ
‚äĘ (algebraMap R R‚āė).mapMatrix ((leftMulMatrix b) a) i j =
    (leftMulMatrix (Basis.localizationLocalization R‚āė M S‚āė b)) ((algebraMap S S‚āė) a) i j",ext i j,-2.3798828125,-2.3798828125,1,10.803636738565373,2,,[0],False,Failed
Algebra.map_leftMulMatrix_localization,6,5.0,InternalNode,"case a
R : Type u_1
S : Type u_2
inst‚úĚ¬Ļ‚Āī : CommRing R
inst‚úĚ¬Ļ¬≥ : CommRing S
inst‚úĚ¬Ļ¬≤ : Algebra R S
R‚āė : Type u_3
S‚āė : Type u_4
inst‚úĚ¬Ļ¬Ļ : CommRing R‚āė
inst‚úĚ¬Ļ‚Āį : Algebra R R‚āė
inst‚úĚ‚ĀĻ : CommRing S‚āė
inst‚úĚ‚Āł : Algebra S S‚āė
M : Submonoid R
inst‚úĚ‚Ā∑ : IsLocalization M R‚āė
inst‚úĚ‚Ā∂ : IsLocalization (algebraMapSubmonoid S M) S‚āė
inst‚úĚ‚ĀĶ : Algebra R‚āė S‚āė
inst‚úĚ‚Āī : Algebra R S‚āė
inst‚úĚ¬≥ : IsScalarTower R R‚āė S‚āė
inst‚úĚ¬≤ : IsScalarTower R S S‚āė
őĻ : Type u_5
inst‚úĚ¬Ļ : Fintype őĻ
inst‚úĚ : DecidableEq őĻ
b : Basis őĻ R S
a : S
i j : őĻ
‚äĘ (algebraMap R R‚āė) ((leftMulMatrix b) a i j) =
    (leftMulMatrix (Basis.ofIsLocalizedModule R‚āė M (IsScalarTower.toAlgHom R S S‚āė).toLinearMap b)) ((algebraMap S S‚āė) a)
      i j","simp [Basis.localizationLocalization, IsLocalization.map_eq]",-0.3032522766213668,-2.683135089121367,2,3.8250347207619395,3,,"[0, 5]",False,Failed
Algebra.map_leftMulMatrix_localization,8,6.0,InternalNode,"case a
R : Type u_1
S : Type u_2
inst‚úĚ¬Ļ‚Āī : CommRing R
inst‚úĚ¬Ļ¬≥ : CommRing S
inst‚úĚ¬Ļ¬≤ : Algebra R S
R‚āė : Type u_3
S‚āė : Type u_4
inst‚úĚ¬Ļ¬Ļ : CommRing R‚āė
inst‚úĚ¬Ļ‚Āį : Algebra R R‚āė
inst‚úĚ‚ĀĻ : CommRing S‚āė
inst‚úĚ‚Āł : Algebra S S‚āė
M : Submonoid R
inst‚úĚ‚Ā∑ : IsLocalization M R‚āė
inst‚úĚ‚Ā∂ : IsLocalization (algebraMapSubmonoid S M) S‚āė
inst‚úĚ‚ĀĶ : Algebra R‚āė S‚āė
inst‚úĚ‚Āī : Algebra R S‚āė
inst‚úĚ¬≥ : IsScalarTower R R‚āė S‚āė
inst‚úĚ¬≤ : IsScalarTower R S S‚āė
őĻ : Type u_5
inst‚úĚ¬Ļ : Fintype őĻ
inst‚úĚ : DecidableEq őĻ
b : Basis őĻ R S
a : S
i j : őĻ
‚äĘ (algebraMap R R‚āė) ((b.repr (a * b j)) i) = (‚čĮ.repr ‚ü®(algebraMap S S‚āė) a * (algebraMap S S‚āė) (b j), ‚čĮ‚ü©) i","simp [leftMulMatrix_eq_repr_mul, Basis.ofIsLocalizedModule, IsScalarTower.coe_toAlgHom']",-0.19126690179109573,-2.8744019909124625,3,2.6068275839864086,4,,"[0, 5, 6]",False,Failed
Algebra.map_leftMulMatrix_localization,17,6.0,InternalNode,"case a
R : Type u_1
S : Type u_2
inst‚úĚ¬Ļ‚Āī : CommRing R
inst‚úĚ¬Ļ¬≥ : CommRing S
inst‚úĚ¬Ļ¬≤ : Algebra R S
R‚āė : Type u_3
S‚āė : Type u_4
inst‚úĚ¬Ļ¬Ļ : CommRing R‚āė
inst‚úĚ¬Ļ‚Āį : Algebra R R‚āė
inst‚úĚ‚ĀĻ : CommRing S‚āė
inst‚úĚ‚Āł : Algebra S S‚āė
M : Submonoid R
inst‚úĚ‚Ā∑ : IsLocalization M R‚āė
inst‚úĚ‚Ā∂ : IsLocalization (algebraMapSubmonoid S M) S‚āė
inst‚úĚ‚ĀĶ : Algebra R‚āė S‚āė
inst‚úĚ‚Āī : Algebra R S‚āė
inst‚úĚ¬≥ : IsScalarTower R R‚āė S‚āė
inst‚úĚ¬≤ : IsScalarTower R S S‚āė
őĻ : Type u_5
inst‚úĚ¬Ļ : Fintype őĻ
inst‚úĚ : DecidableEq őĻ
b : Basis őĻ R S
a : S
i j : őĻ
‚äĘ (algebraMap R R‚āė) ((b.repr (a * b j)) i) =
    ((Basis.ofIsLocalizedModule R‚āė M (IsScalarTower.toAlgHom R S S‚āė).toLinearMap b).repr
        ((algebraMap S S‚āė) a * (algebraMap S S‚āė) (b j)))
      i","simp [leftMulMatrix_eq_repr_mul, Algebra.smul_def, IsScalarTower.coe_toAlgHom', IsScalarTower.coe_toAlgHom]",-0.22061159497215635,-2.903746684093523,3,2.632451552806943,5,,"[0, 5, 6]",False,Failed
Algebra.map_leftMulMatrix_localization,18,17.0,InternalNode,"case a
R : Type u_1
S : Type u_2
inst‚úĚ¬Ļ‚Āī : CommRing R
inst‚úĚ¬Ļ¬≥ : CommRing S
inst‚úĚ¬Ļ¬≤ : Algebra R S
R‚āė : Type u_3
S‚āė : Type u_4
inst‚úĚ¬Ļ¬Ļ : CommRing R‚āė
inst‚úĚ¬Ļ‚Āį : Algebra R R‚āė
inst‚úĚ‚ĀĻ : CommRing S‚āė
inst‚úĚ‚Āł : Algebra S S‚āė
M : Submonoid R
inst‚úĚ‚Ā∑ : IsLocalization M R‚āė
inst‚úĚ‚Ā∂ : IsLocalization (algebraMapSubmonoid S M) S‚āė
inst‚úĚ‚ĀĶ : Algebra R‚āė S‚āė
inst‚úĚ‚Āī : Algebra R S‚āė
inst‚úĚ¬≥ : IsScalarTower R R‚āė S‚āė
inst‚úĚ¬≤ : IsScalarTower R S S‚āė
őĻ : Type u_5
inst‚úĚ¬Ļ : Fintype őĻ
inst‚úĚ : DecidableEq őĻ
b : Basis őĻ R S
a : S
i j : őĻ
‚äĘ (algebraMap R R‚āė) ((b.repr (a * b j)) i) = (‚čĮ.repr ‚ü®(algebraMap S S‚āė) a * (algebraMap S S‚āė) (b j), ‚čĮ‚ü©) i","simp [Basis.ofIsLocalizedModule, IsScalarTower.coe_toAlgHom', Algebra.id.smul_eq_mul, mul_assoc]",-0.20733944145408836,-2.8744019909124625,3,2.6068275839864086,4,,"[0, 5, 6, 17]",False,Failed
Algebra.map_leftMulMatrix_localization,20,17.0,InternalNode,"case a
R : Type u_1
S : Type u_2
inst‚úĚ¬Ļ‚Āī : CommRing R
inst‚úĚ¬Ļ¬≥ : CommRing S
inst‚úĚ¬Ļ¬≤ : Algebra R S
R‚āė : Type u_3
S‚āė : Type u_4
inst‚úĚ¬Ļ¬Ļ : CommRing R‚āė
inst‚úĚ¬Ļ‚Āį : Algebra R R‚āė
inst‚úĚ‚ĀĻ : CommRing S‚āė
inst‚úĚ‚Āł : Algebra S S‚āė
M : Submonoid R
inst‚úĚ‚Ā∑ : IsLocalization M R‚āė
inst‚úĚ‚Ā∂ : IsLocalization (algebraMapSubmonoid S M) S‚āė
inst‚úĚ‚ĀĶ : Algebra R‚āė S‚āė
inst‚úĚ‚Āī : Algebra R S‚āė
inst‚úĚ¬≥ : IsScalarTower R R‚āė S‚āė
inst‚úĚ¬≤ : IsScalarTower R S S‚āė
őĻ : Type u_5
inst‚úĚ¬Ļ : Fintype őĻ
inst‚úĚ : DecidableEq őĻ
b : Basis őĻ R S
a : S
i j : őĻ
‚äĘ (algebraMap R R‚āė) ((b.repr (a * b j)) i) = (‚čĮ.repr ‚ü®(algebraMap S S‚āė) a * (algebraMap S S‚āė) (b j), ‚čĮ‚ü©) i","simp [Basis.ofIsLocalizedModule, IsScalarTower.coe_toAlgHom', Algebra.smul_def]",-0.21754423914284543,-2.8744019909124625,3,2.6068275839864086,4,,"[0, 5, 6, 17]",False,Failed
Algebra.map_leftMulMatrix_localization,30,6.0,InternalNode,"case a
R : Type u_1
S : Type u_2
inst‚úĚ¬Ļ‚Āī : CommRing R
inst‚úĚ¬Ļ¬≥ : CommRing S
inst‚úĚ¬Ļ¬≤ : Algebra R S
R‚āė : Type u_3
S‚āė : Type u_4
inst‚úĚ¬Ļ¬Ļ : CommRing R‚āė
inst‚úĚ¬Ļ‚Āį : Algebra R R‚āė
inst‚úĚ‚ĀĻ : CommRing S‚āė
inst‚úĚ‚Āł : Algebra S S‚āė
M : Submonoid R
inst‚úĚ‚Ā∑ : IsLocalization M R‚āė
inst‚úĚ‚Ā∂ : IsLocalization (algebraMapSubmonoid S M) S‚āė
inst‚úĚ‚ĀĶ : Algebra R‚āė S‚āė
inst‚úĚ‚Āī : Algebra R S‚āė
inst‚úĚ¬≥ : IsScalarTower R R‚āė S‚āė
inst‚úĚ¬≤ : IsScalarTower R S S‚āė
őĻ : Type u_5
inst‚úĚ¬Ļ : Fintype őĻ
inst‚úĚ : DecidableEq őĻ
b : Basis őĻ R S
a : S
i j : őĻ
‚äĘ (algebraMap R R‚āė) ((b.repr (a * b j)) i) =
    ((Basis.ofIsLocalizedModule R‚āė M (IsScalarTower.toAlgHom R S S‚āė).toLinearMap b).repr
        ((algebraMap S S‚āė) a * (algebraMap S S‚āė) (b j)))
      i","simp [leftMulMatrix_eq_repr_mul, Algebra.smul_def]",-0.22973620891571045,-2.903746684093523,3,2.632451552806943,5,,"[0, 5, 6]",False,Failed
Batteries.BinomialHeap.Imp.Heap.WF.tail?,35,,InternalNode,"őĪ : Type u_1
s : Heap őĪ
le : őĪ ‚Üí őĪ ‚Üí Bool
n : Nat
tl : Heap őĪ
hwf : WF le n s
‚äĘ Batteries.BinomialHeap.Imp.Heap.tail? le s = some tl ‚Üí WF le 0 tl",,0.0,0.0,0,,1,,[],False,Failed
Batteries.BinomialHeap.Imp.Heap.WF.tail?,36,35.0,InternalNode,"őĪ : Type u_1
s : Heap őĪ
le : őĪ ‚Üí őĪ ‚Üí Bool
n : Nat
tl : Heap őĪ
hwf : WF le n s
‚äĘ ‚ąÄ (x : őĪ √ó Heap őĪ), Heap.deleteMin le s = some x ‚Üí x.snd = tl ‚Üí WF le 0 tl","simp_all [Batteries.BinomialHeap.Imp.Heap.tail?, WF]",-0.15099047422409057,-0.15099047422409057,1,1.1629855796890372,2,,[35],False,Failed
Batteries.BinomialHeap.Imp.Heap.WF.tail?,50,35.0,InternalNode,"őĪ : Type u_1
s : Heap őĪ
le : őĪ ‚Üí őĪ ‚Üí Bool
n : Nat
tl : Heap őĪ
hwf : WF le n s
‚äĘ ‚ąÄ (x : őĪ √ó Heap őĪ), Heap.deleteMin le s = some x ‚Üí x.snd = tl ‚Üí WF le 0 tl","simp [Batteries.BinomialHeap.Imp.Heap.tail?, Batteries.BinomialHeap.Imp.Heap.WF, Nat.zero_eq] at *",-0.23015848043802623,-0.15099047422409057,1,1.1629855796890372,2,,[35],False,Failed
Batteries.BinomialHeap.Imp.Heap.WF.tail?,51,35.0,InternalNode,"őĪ : Type u_1
s : Heap őĪ
le : őĪ ‚Üí őĪ ‚Üí Bool
n : Nat
tl : Heap őĪ
hwf : WF le n s
‚äĘ ‚ąÄ (x : őĪ √ó Heap őĪ), Heap.deleteMin le s = some x ‚Üí x.snd = tl ‚Üí WF le 0 tl","simp [Batteries.BinomialHeap.Imp.Heap.tail?, WF]",-0.23693274789386326,-0.15099047422409057,1,1.1629855796890372,2,,[35],False,Failed
Batteries.BinomialHeap.Imp.Heap.WF.tail?,52,35.0,InternalNode,"őĪ : Type u_1
s : Heap őĪ
le : őĪ ‚Üí őĪ ‚Üí Bool
n : Nat
tl : Heap őĪ
hwf : WF le n s
‚äĘ ‚ąÄ (x : őĪ √ó Heap őĪ), Heap.deleteMin le s = some x ‚Üí x.snd = tl ‚Üí WF le 0 tl","simp_all [WF, Batteries.BinomialHeap.Imp.Heap.tail?]",-0.2513381361961365,-0.15099047422409057,1,1.1629855796890372,2,,[35],False,Failed
CancelDenoms.cancel_factors_lt,62,,InternalNode,"őĪ : Type u_1
inst‚úĚ : LinearOrderedField őĪ
a b ad bd a' b' gcd : őĪ
ha : ad * a = a'
hb : bd * b = b'
had : 0 < ad
hbd : 0 < bd
hgcd : 0 < gcd
‚äĘ (a < b) = (1 / gcd * (bd * a') < 1 / gcd * (ad * b'))",,0.0,0.0,0,,1,,[],True,Proved
CancelDenoms.cancel_factors_lt,64,62.0,InternalNode,"őĪ : Type u_1
inst‚úĚ : LinearOrderedField őĪ
a b ad bd a' b' gcd : őĪ
ha : ad * a = a'
hb : bd * b = b'
had : 0 < ad
hbd : 0 < bd
hgcd : 0 < gcd
‚äĘ a < b ‚ÜĒ bd * (a' * gcd‚ĀĽ¬Ļ) < ad * (b' * gcd‚ĀĽ¬Ļ)","simp [mul_assoc, mul_comm, mul_left_comm, ha, hb, had, hbd, hgcd]",-0.1845553994178772,-0.1845553994178772,1,1.2026836074110723,2,,[62],False,Proved
CancelDenoms.cancel_factors_lt,66,64.0,InternalNode,"őĪ : Type u_1
inst‚úĚ : LinearOrderedField őĪ
a b ad bd a' b' gcd : őĪ
ha : a * ad = a'
hb : b * bd = b'
had : 0 < ad
hbd : 0 < bd
hgcd : 0 < gcd
‚äĘ a < b ‚ÜĒ bd * (a' * gcd‚ĀĽ¬Ļ) < ad * (b' * gcd‚ĀĽ¬Ļ)","simp_all [div_eq_mul_inv, mul_assoc, mul_comm, mul_left_comm]",-0.15471468589924,-0.3392700853171172,2,1.184872344541093,4,,"[62, 64]",False,Proved
CancelDenoms.cancel_factors_lt,92,64.0,InternalNode,"őĪ : Type u_1
inst‚úĚ : LinearOrderedField őĪ
a b ad bd a' b' gcd : őĪ
ha : a * ad = a'
hb : b * bd = b'
had : 0 < ad
hbd : 0 < bd
hgcd : 0 < gcd
‚äĘ a < b ‚ÜĒ bd * (a' * gcd‚ĀĽ¬Ļ) < ad * (b' * gcd‚ĀĽ¬Ļ)","simp_all [mul_assoc, mul_comm, mul_left_comm, div_eq_mul_inv]",-0.21114436785380045,-0.3392700853171172,2,1.184872344541093,4,,"[62, 64]",False,Proved
CancelDenoms.cancel_factors_lt,93,64.0,InternalNode,"őĪ : Type u_1
inst‚úĚ : LinearOrderedField őĪ
a b ad bd a' b' gcd : őĪ
ha : a * ad = a'
hb : b * bd = b'
had : 0 < ad
hbd : 0 < bd
hgcd : 0 < gcd
‚äĘ a < b ‚ÜĒ bd * (a' * gcd‚ĀĽ¬Ļ) < ad * (b' * gcd‚ĀĽ¬Ļ)","simp_all [mul_assoc, mul_comm, mul_left_comm]",-0.2274187866010164,-0.3392700853171172,2,1.184872344541093,4,,"[62, 64]",False,Proved
CancelDenoms.cancel_factors_lt,96,64.0,InternalNode,"őĪ : Type u_1
inst‚úĚ : LinearOrderedField őĪ
a b ad bd a' b' gcd : őĪ
ha : a * ad = a'
hb : b * bd = b'
had : 0 < ad
hbd : 0 < bd
hgcd : 0 < gcd
‚äĘ a < b ‚ÜĒ bd * (a' * gcd‚ĀĽ¬Ļ) < ad * (b' * gcd‚ĀĽ¬Ļ)","simp_all [mul_comm, mul_assoc, mul_left_comm]",-0.24119723470587479,-0.3392700853171172,2,1.184872344541093,4,,"[62, 64]",False,Proved
CancelDenoms.cancel_factors_lt,101,64.0,InternalNode,"őĪ : Type u_1
inst‚úĚ : LinearOrderedField őĪ
a b ad bd a' b' gcd : őĪ
ha : a * ad = a'
hb : b * bd = b'
had : 0 < ad
hbd : 0 < bd
hgcd : 0 < gcd
‚äĘ a < b ‚ÜĒ bd * (a' * gcd‚ĀĽ¬Ļ) < ad * (b' * gcd‚ĀĽ¬Ļ)","simp_all [mul_comm, mul_assoc, mul_left_comm, mul_inv_rev, mul_assoc, mul_left_comm, mul_comm]",-0.2951843310625125,-0.3392700853171172,2,1.184872344541093,4,,"[62, 64]",False,Proved
CancelDenoms.cancel_factors_lt,102,64.0,InternalNode,"őĪ : Type u_1
inst‚úĚ : LinearOrderedField őĪ
a b ad bd a' b' gcd : őĪ
ha : a * ad = a'
hb : b * bd = b'
had : 0 < ad
hbd : 0 < bd
hgcd : 0 < gcd
‚äĘ a < b ‚ÜĒ bd * (a' * gcd‚ĀĽ¬Ļ) < ad * (b' * gcd‚ĀĽ¬Ļ)","simp_all [mul_assoc, mul_comm, mul_left_comm, mul_inv_rev]",-0.3035507106781006,-0.3392700853171172,2,1.184872344541093,4,,"[62, 64]",False,Proved
CancelDenoms.cancel_factors_lt,109,62.0,InternalNode,"őĪ : Type u_1
inst‚úĚ : LinearOrderedField őĪ
a b ad bd a' b' gcd : őĪ
ha : ad * a = a'
hb : bd * b = b'
had : 0 < ad
hbd : 0 < bd
hgcd : 0 < gcd
‚äĘ a < b ‚ÜĒ bd * (a' * gcd‚ĀĽ¬Ļ) < ad * (b' * gcd‚ĀĽ¬Ļ)","simp [ha, hb, mul_assoc, mul_comm, mul_left_comm]",-0.2207039106975902,-0.1845553994178772,1,1.2026836074110723,2,,[62],False,Proved
CancelDenoms.cancel_factors_lt,110,62.0,InternalNode,"őĪ : Type u_1
inst‚úĚ : LinearOrderedField őĪ
a b ad bd a' b' gcd : őĪ
ha : ad * a = a'
hb : bd * b = b'
had : 0 < ad
hbd : 0 < bd
hgcd : 0 < gcd
‚äĘ a < b ‚ÜĒ bd * (a' * gcd‚ĀĽ¬Ļ) < ad * (b' * gcd‚ĀĽ¬Ļ)","simp [ha, hb, mul_comm, mul_assoc, mul_left_comm]",-0.22733487324281174,-0.1845553994178772,1,1.2026836074110723,2,,[62],False,Proved
CancelDenoms.cancel_factors_lt,111,62.0,InternalNode,"őĪ : Type u_1
inst‚úĚ : LinearOrderedField őĪ
a b ad bd a' b' gcd : őĪ
ha : ad * a = a'
hb : bd * b = b'
had : 0 < ad
hbd : 0 < bd
hgcd : 0 < gcd
‚äĘ a < b ‚ÜĒ bd * a' < ad * b'","simp [ha, hb, had, hbd, hgcd]",-0.23460009694099426,-0.23460009694099426,1,1.26440302897709,3,,[62],True,Proved
CancelDenoms.cancel_factors_lt,113,111.0,InternalNode,"őĪ : Type u_1
inst‚úĚ : LinearOrderedField őĪ
a b ad bd a' b' gcd : őĪ
ha : ad * a = a'
hb : bd * b = b'
had : 0 < ad
hbd : 0 < bd
hgcd : 0 < gcd
‚äĘ a * gcd < b * gcd ‚ÜĒ bd * (ad * a) < ad * (bd * b)","rw [‚Üź mul_lt_mul_right hgcd, ‚Üź ha, ‚Üź hb]",-0.20654571598226373,-0.441145812923258,2,1.2467908205318599,5,,"[62, 111]",True,Proved
CancelDenoms.cancel_factors_lt,136,62.0,InternalNode,"őĪ : Type u_1
inst‚úĚ : LinearOrderedField őĪ
a b ad bd a' b' gcd : őĪ
ha : ad * a = a'
hb : bd * b = b'
had : 0 < ad
hbd : 0 < bd
hgcd : 0 < gcd
‚äĘ a < b ‚ÜĒ bd * (a' * gcd‚ĀĽ¬Ļ) < ad * (b' * gcd‚ĀĽ¬Ļ)","simp [ha, hb, mul_comm, mul_assoc, mul_left_comm, hgcd]",-0.2927402353286743,-0.1845553994178772,1,1.2026836074110723,2,,[62],False,Proved
CategoryTheory.Equivalence.invFunIdAssoc_hom_app,147,,InternalNode,"C : Type u‚āĀ
inst‚úĚ¬≤ : Category.{v‚āĀ, u‚āĀ} C
D : Type u‚āā
inst‚úĚ¬Ļ : Category.{v‚āā, u‚āā} D
E : Type u‚āÉ
inst‚úĚ : Category.{v‚āÉ, u‚āÉ} E
e : C ‚ČĆ D
F : D ‚•§ E
X : D
‚äĘ (e.invFunIdAssoc F).hom.app X = F.map (e.counit.app X)",,0.0,0.0,0,,1,,[],False,Open
CategoryTheory.Equivalence.invFunIdAssoc_hom_app,149,147.0,InternalNode,"C : Type u‚āĀ
inst‚úĚ¬≤ : Category.{v‚āĀ, u‚āĀ} C
D : Type u‚āā
inst‚úĚ¬Ļ : Category.{v‚āā, u‚āā} D
E : Type u‚āÉ
inst‚úĚ : Category.{v‚āÉ, u‚āÉ} E
e : C ‚ČĆ D
F : D ‚•§ E
X : D
‚äĘ (e.invFunIdAssoc F).hom.app X = F.map (e.counit.app X)","simp [NatTrans.comp_app, Functor.comp_map, Iso.inv_hom_id_app]",-0.25309471998895916,0.0,0,,1,,[147],False,Open
CategoryTheory.Equivalence.invFunIdAssoc_hom_app,153,147.0,InternalNode,"C : Type u‚āĀ
inst‚úĚ¬≤ : Category.{v‚āĀ, u‚āĀ} C
D : Type u‚āā
inst‚úĚ¬Ļ : Category.{v‚āā, u‚āā} D
E : Type u‚āÉ
inst‚úĚ : Category.{v‚āÉ, u‚āÉ} E
e : C ‚ČĆ D
F : D ‚•§ E
X : D
‚äĘ (e.invFunIdAssoc F).hom.app X = F.map (e.counit.app X)","simp [NatTrans.naturality, Functor.map_id, Category.id_comp]",-0.36693682877913764,0.0,0,,1,,[147],False,Open
CategoryTheory.Equivalence.invFunIdAssoc_hom_app,155,147.0,InternalNode,"C : Type u‚āĀ
inst‚úĚ¬≤ : Category.{v‚āĀ, u‚āĀ} C
D : Type u‚āā
inst‚úĚ¬Ļ : Category.{v‚āā, u‚āā} D
E : Type u‚āÉ
inst‚úĚ : Category.{v‚āÉ, u‚āÉ} E
e : C ‚ČĆ D
F : D ‚•§ E
X : D
‚äĘ (e.invFunIdAssoc F).hom.app X = F.map (e.counit.app X)",simp [‚Üź Functor.map_comp],-0.3749290162866766,0.0,0,,1,,[147],False,Open
CategoryTheory.Equivalence.invFunIdAssoc_hom_app,162,147.0,InternalNode,"C : Type u‚āĀ
inst‚úĚ¬≤ : Category.{v‚āĀ, u‚āĀ} C
D : Type u‚āā
inst‚úĚ¬Ļ : Category.{v‚āā, u‚āā} D
E : Type u‚āÉ
inst‚úĚ : Category.{v‚āÉ, u‚āÉ} E
e : C ‚ČĆ D
F : D ‚•§ E
X : D
‚äĘ (e.invFunIdAssoc F).hom.app X = F.map (e.counit.app X)",simp [NatTrans.comp_app],-0.5369895696640015,0.0,0,,1,,[147],False,Open
CategoryTheory.Equivalence.invFunIdAssoc_hom_app,167,147.0,InternalNode,"C : Type u‚āĀ
inst‚úĚ¬≤ : Category.{v‚āĀ, u‚āĀ} C
D : Type u‚āā
inst‚úĚ¬Ļ : Category.{v‚āā, u‚āā} D
E : Type u‚āÉ
inst‚úĚ : Category.{v‚āÉ, u‚āÉ} E
e : C ‚ČĆ D
F : D ‚•§ E
X : D
‚äĘ (e.invFunIdAssoc F).hom.app X = F.map (e.counit.app X)",simp,-0.764892578125,0.0,0,,1,,[147],False,Open
CochainComplex.mk'_d_1_0,170,,InternalNode,"őĻ : Type u_1
V : Type u
inst‚úĚ¬Ļ : Category.{v, u} V
inst‚úĚ : HasZeroMorphisms V
X‚āÄ X‚āĀ X‚āā : V
d‚āÄ : X‚āÄ ‚ü∂ X‚āĀ
d‚āĀ : X‚āĀ ‚ü∂ X‚āā
s : d‚āÄ ‚Čę d‚āĀ = 0
succ : (S : ShortComplex V) ‚Üí (X‚āĄ : V) √ó' (d‚āā : S.X‚āÉ ‚ü∂ X‚āĄ) √ó' S.g ‚Čę d‚āā = 0
succ' : {X‚āÄ X‚āĀ : V} ‚Üí (f : X‚āÄ ‚ü∂ X‚āĀ) ‚Üí (X‚āā : V) √ó' (d : X‚āĀ ‚ü∂ X‚āā) √ó' f ‚Čę d = 0
‚äĘ (mk' X‚āÄ X‚āĀ d‚āÄ fun {X‚āÄ X‚āĀ} => succ').d 0 1 = d‚āÄ",,0.0,0.0,0,,1,,[],False,Failed
Combinatorics.Line.apply_of_ne_none,186,,InternalNode,"őĪ : Type u_1
őĻ : Type u_2
l : Line őĪ őĻ
x : őĪ
i : őĻ
h : l.idxFun i ‚Č† none
‚äĘ some ((fun x i => (l.idxFun i).getD x) x i) = l.idxFun i",,0.0,0.0,0,,1,,[],True,Proved
Convex.thickening,203,,InternalNode,"őĻ : Type u_1
E : Type u_2
P : Type u_3
inst‚úĚ¬≥ : SeminormedAddCommGroup E
inst‚úĚ¬≤ : NormedSpace ‚ĄĚ E
inst‚úĚ¬Ļ : PseudoMetricSpace P
inst‚úĚ : NormedAddTorsor E P
s t : Set E
hs : Convex ‚ĄĚ s
őī : ‚ĄĚ
‚äĘ Convex ‚ĄĚ (Metric.thickening őī s)",,0.0,0.0,0,,1,,[],False,Open
ENNReal.le_rpow_one_div_iff,204,,InternalNode,"x y : ‚ĄĚ‚Č•0‚ąě
z : ‚ĄĚ
hz : 0 < z
‚äĘ x ‚Č§ y ^ (1 / z) ‚ÜĒ x ^ z ‚Č§ y",,0.0,0.0,0,,1,,[],False,Open
ENNReal.le_rpow_one_div_iff,219,204.0,InternalNode,"x y : ‚ĄĚ‚Č•0‚ąě
z : ‚ĄĚ
hz : 0 < z
‚äĘ x ‚Č§ y ^ z‚ĀĽ¬Ļ ‚ÜĒ x ^ z ‚Č§ y",ring_nf,-0.7484946250915527,-0.7484946250915527,1,2.1138155354268973,2,,[204],False,Open
ENNReal.le_rpow_one_div_iff,225,219.0,InternalNode,"x y : ‚ĄĚ‚Č•0‚ąě
z : ‚ĄĚ
hz : 0 < z
‚äĘ x ‚Č§ y ^ z‚ĀĽ¬Ļ ‚ÜĒ x ^ z ‚Č§ y",ring_nf,-0.6220296621322632,-0.7484946250915527,1,2.1138155354268973,2,,"[204, 219]",False,Open
ENNReal.le_rpow_one_div_iff,226,219.0,InternalNode,"x y : ‚ĄĚ‚Č•0‚ąě
z : ‚ĄĚ
hz : 0 < z
‚äĘ x ‚Č§ y ^ z‚ĀĽ¬Ļ ‚ÜĒ x ^ z ‚Č§ y",ring_nf at *,-0.893530297279358,-0.7484946250915527,1,2.1138155354268973,2,,"[204, 219]",False,Open
Equiv.Perm.prod_comp',234,,InternalNode,"őĻ : Type u_1
őļ : Type u_2
őĪ : Type u_3
ő≤ : Type u_4
ő≥ : Type u_5
s‚úĚ s‚āĀ s‚āā : Finset őĪ
a : őĪ
f‚úĚ g : őĪ ‚Üí ő≤
inst‚úĚ : CommMonoid ő≤
ŌÉ : Equiv.Perm őĪ
s : Finset őĪ
f : őĪ ‚Üí őĪ ‚Üí ő≤
hs : {a | ŌÉ a ‚Č† a} ‚äÜ ‚ÜĎs
‚äĘ ‚ąŹ x ‚ąą s, f (ŌÉ x) x = ‚ąŹ x ‚ąą s, f x ((Equiv.symm ŌÉ) x)",,0.0,0.0,0,,1,,[],False,Failed
Equiv.Perm.prod_comp',254,234.0,InternalNode,"case h
őĻ : Type u_1
őļ : Type u_2
őĪ : Type u_3
ő≤ : Type u_4
ő≥ : Type u_5
s‚úĚ s‚āĀ s‚āā : Finset őĪ
a : őĪ
f‚úĚ g : őĪ ‚Üí ő≤
inst‚úĚ : CommMonoid ő≤
ŌÉ : Equiv.Perm őĪ
s : Finset őĪ
f : őĪ ‚Üí őĪ ‚Üí ő≤
hs : {a | ŌÉ a ‚Č† a} ‚äÜ ‚ÜĎs
‚äĘ ‚ąŹ x ‚ąą s, f x ((Equiv.symm ŌÉ) x) = ‚ąŹ x ‚ąą s, f (ŌÉ x) x",apply Eq.symm,-1.2562620162963867,-1.2562620162963867,1,3.5122681181525994,2,,[234],False,Failed
Equiv.Perm.prod_comp',277,234.0,InternalNode,"case e_f
őĻ : Type u_1
őļ : Type u_2
őĪ : Type u_3
ő≤ : Type u_4
ő≥ : Type u_5
s‚úĚ s‚āĀ s‚āā : Finset őĪ
a : őĪ
f‚úĚ g : őĪ ‚Üí ő≤
inst‚úĚ : CommMonoid ő≤
ŌÉ : Equiv.Perm őĪ
s : Finset őĪ
f : őĪ ‚Üí őĪ ‚Üí ő≤
hs : {a | ŌÉ a ‚Č† a} ‚äÜ ‚ÜĎs
‚äĘ (fun x => f (ŌÉ x) x) = fun x => f x ((Equiv.symm ŌÉ) x)",congr,-3.578125298023224,-3.578125298023224,1,35.80635164866242,3,,[234],False,Failed
Equiv.Perm.prod_comp',289,277.0,InternalNode,"case e_f.h
őĻ : Type u_1
őļ : Type u_2
őĪ : Type u_3
ő≤ : Type u_4
ő≥ : Type u_5
s‚úĚ s‚āĀ s‚āā : Finset őĪ
a‚úĚ : őĪ
f‚úĚ g : őĪ ‚Üí ő≤
inst‚úĚ : CommMonoid ő≤
ŌÉ : Equiv.Perm őĪ
s : Finset őĪ
f : őĪ ‚Üí őĪ ‚Üí ő≤
hs : {a | ŌÉ a ‚Č† a} ‚äÜ ‚ÜĎs
a : őĪ
‚äĘ f (ŌÉ a) a = f a ((Equiv.symm ŌÉ) a)",funext a,-0.7591298421223959,-4.337255140145619,2,8.74627215423418,4,,"[234, 277]",False,Failed
Filter.HasBasis.to_hasBasis',305,,InternalNode,"őĪ : Type u_1
ő≤ : Type u_2
ő≥ : Type u_3
őĻ : Sort u_4
őĻ' : Sort u_5
l l' : Filter őĪ
p : őĻ ‚Üí Prop
s : őĻ ‚Üí Set őĪ
t : Set őĪ
i : őĻ
p' : őĻ' ‚Üí Prop
s' : őĻ' ‚Üí Set őĪ
i' : őĻ'
hl : l.HasBasis p s
h : ‚ąÄ (i : őĻ), p i ‚Üí ‚ąÉ i', p' i' ‚ąß s' i' ‚äÜ s i
h' : ‚ąÄ (i' : őĻ'), p' i' ‚Üí s' i' ‚ąą l
‚äĘ l.HasBasis p' s'",,0.0,0.0,0,,1,,[],False,Failed
Finmap.erase_toFinmap,317,,InternalNode,"őĪ : Type u
ő≤ : őĪ ‚Üí Type v
inst‚úĚ : DecidableEq őĪ
a : őĪ
s : AList ő≤
‚äĘ erase a ‚ü¶s‚üß = ‚ü¶AList.erase a s‚üß",,0.0,0.0,0,,1,,[],True,Proved
FreeAlgebra.toTensor_őĻ,319,,InternalNode,"R : Type u_1
inst‚úĚ¬≤ : CommSemiring R
M : Type u_2
inst‚úĚ¬Ļ : AddCommMonoid M
inst‚úĚ : Module R M
m : M
‚äĘ toTensor (őĻ R m) = (TensorAlgebra.őĻ R) m",,0.0,0.0,0,,1,,[],True,Proved
Ideal.span_singleton_eq_span_singleton,321,,InternalNode,"őĪ‚úĚ : Type u
ő≤ : Type v
a b : őĪ‚úĚ
inst‚úĚ¬≤ : CommSemiring őĪ‚úĚ
I : Ideal őĪ‚úĚ
őĪ : Type u
inst‚úĚ¬Ļ : CommRing őĪ
inst‚úĚ : IsDomain őĪ
x y : őĪ
‚äĘ span {x} = span {y} ‚ÜĒ Associated x y",,0.0,0.0,0,,1,,[],False,Open
Ideal.span_singleton_eq_span_singleton,326,321.0,InternalNode,"őĪ‚úĚ : Type u
ő≤ : Type v
a b : őĪ‚úĚ
inst‚úĚ¬≤ : CommSemiring őĪ‚úĚ
I : Ideal őĪ‚úĚ
őĪ : Type u
inst‚úĚ¬Ļ : CommRing őĪ
inst‚úĚ : IsDomain őĪ
x y : őĪ
‚äĘ span {x} = span {y} ‚ÜĒ Associated x y",ring_nf at *,-0.7194749116897583,0.0,0,,1,,[321],False,Open
IntermediateField.separable_of_mem_isSeparable,327,,InternalNode,"F : Type u
E : Type v
inst‚úĚ‚ĀĶ : Field F
inst‚úĚ‚Āī : Field E
inst‚úĚ¬≥ : Algebra F E
K : Type w
inst‚úĚ¬≤ : Field K
inst‚úĚ¬Ļ : Algebra F K
L : IntermediateField F E
inst‚úĚ : IsSeparable F ‚Ü•L
x : E
h : x ‚ąą L
‚äĘ (minpoly F x).Separable",,0.0,0.0,0,,1,,[],False,Failed
IsGroupHom.inv_ker_one',331,,InternalNode,"G : Type u_1
H : Type u_2
A : Type u_3
a‚úĚ a‚āĀ a‚āā b‚úĚ c : G
inst‚úĚ¬Ļ : Group G
inst‚úĚ : Group H
f : G ‚Üí H
hf : IsGroupHom f
a b : G
h : f a = f b
‚äĘ f (a‚ĀĽ¬Ļ * b) = 1",,0.0,0.0,0,,1,,[],True,Proved
MeasureTheory.OuterMeasure.comap_ofFunction,333,,InternalNode,"őĪ : Type u_1
m : Set őĪ ‚Üí ‚ĄĚ‚Č•0‚ąě
m_empty : m ‚ąÖ = 0
ő≤ : Type u_2
f : ő≤ ‚Üí őĪ
h : Monotone m ‚ą® Surjective f
‚äĘ (comap f) (OuterMeasure.ofFunction m m_empty) = OuterMeasure.ofFunction (fun s => m (f '' s)) ‚čĮ",,0.0,0.0,0,,1,,[],False,Failed
MeasureTheory.OuterMeasure.comap_ofFunction,334,333.0,InternalNode,"őĪ : Type u_1
m : Set őĪ ‚Üí ‚ĄĚ‚Č•0‚ąě
m_empty : m ‚ąÖ = 0
ő≤ : Type u_2
f : ő≤ ‚Üí őĪ
h : (‚ąÄ ‚¶Éa b : Set őĪ‚¶Ą, a ‚äÜ b ‚Üí m a ‚Č§ m b) ‚ą® ‚ąÄ (b : őĪ), ‚ąÉ a, f a = b
‚äĘ (comap f)
      { measureOf := fun s => ‚®Ö f, ‚®Ö (_ : s ‚äÜ ‚čÉ i, f i), ‚ąĎ' (i : ‚Ąē), m (f i), empty := ‚čĮ, mono := ‚čĮ, iUnion_nat := ‚čĮ } =
    { measureOf := fun s => ‚®Ö f_1, ‚®Ö (_ : s ‚äÜ ‚čÉ i, f_1 i), ‚ąĎ' (i : ‚Ąē), m (f '' f_1 i), empty := ‚čĮ, mono := ‚čĮ,
      iUnion_nat := ‚čĮ }","simp_all [OuterMeasure.ofFunction, comap_apply, Monotone, Surjective]",-0.19370887590491254,-0.19370887590491254,1,1.213742881718812,2,,[333],False,Failed
MeasureTheory.OuterMeasure.comap_ofFunction,359,333.0,InternalNode,"őĪ : Type u_1
m : Set őĪ ‚Üí ‚ĄĚ‚Č•0‚ąě
m_empty : m ‚ąÖ = 0
ő≤ : Type u_2
f : ő≤ ‚Üí őĪ
h : (‚ąÄ ‚¶Éa b : Set őĪ‚¶Ą, a ‚äÜ b ‚Üí m a ‚Č§ m b) ‚ą® ‚ąÄ (b : őĪ), ‚ąÉ a, f a = b
‚äĘ (comap f)
      { measureOf := fun s => ‚®Ö f, ‚®Ö (_ : s ‚äÜ ‚čÉ i, f i), ‚ąĎ' (i : ‚Ąē), m (f i), empty := ‚čĮ, mono := ‚čĮ, iUnion_nat := ‚čĮ } =
    { measureOf := fun s => ‚®Ö f_1, ‚®Ö (_ : s ‚äÜ ‚čÉ i, f_1 i), ‚ąĎ' (i : ‚Ąē), m (f '' f_1 i), empty := ‚čĮ, mono := ‚čĮ,
      iUnion_nat := ‚čĮ }","simp_all [OuterMeasure.ofFunction, Monotone, Surjective, comap_apply]",-0.20199530021004056,-0.19370887590491254,1,1.213742881718812,2,,[333],False,Failed
MeasureTheory.OuterMeasure.comap_ofFunction,360,333.0,InternalNode,"őĪ : Type u_1
m : Set őĪ ‚Üí ‚ĄĚ‚Č•0‚ąě
m_empty : m ‚ąÖ = 0
ő≤ : Type u_2
f : ő≤ ‚Üí őĪ
h : (‚ąÄ ‚¶Éa b : Set őĪ‚¶Ą, a ‚äÜ b ‚Üí m a ‚Č§ m b) ‚ą® ‚ąÄ (b : őĪ), ‚ąÉ a, f a = b
‚äĘ (comap f) (OuterMeasure.ofFunction m m_empty) = OuterMeasure.ofFunction (fun s => m (f '' s)) ‚čĮ","simp_all [OuterMeasure.comap_apply, Monotone, Surjective]",-0.21122267842292786,-0.21122267842292786,1,1.2351873740163308,3,,[333],False,Failed
MeasureTheory.OuterMeasure.comap_ofFunction,361,360.0,InternalNode,"őĪ : Type u_1
m : Set őĪ ‚Üí ‚ĄĚ‚Č•0‚ąě
m_empty : m ‚ąÖ = 0
ő≤ : Type u_2
f : ő≤ ‚Üí őĪ
h : (‚ąÄ ‚¶Éa b : Set őĪ‚¶Ą, a ‚äÜ b ‚Üí m a ‚Č§ m b) ‚ą® ‚ąÄ (b : őĪ), ‚ąÉ a, f a = b
‚äĘ (comap f)
      { measureOf := fun s => ‚®Ö f, ‚®Ö (_ : s ‚äÜ ‚čÉ i, f i), ‚ąĎ' (i : ‚Ąē), m (f i), empty := ‚čĮ, mono := ‚čĮ, iUnion_nat := ‚čĮ } =
    { measureOf := fun s => ‚®Ö f_1, ‚®Ö (_ : s ‚äÜ ‚čÉ i, f_1 i), ‚ąĎ' (i : ‚Ąē), m (f '' f_1 i), empty := ‚čĮ, mono := ‚čĮ,
      iUnion_nat := ‚čĮ }","simp_all [OuterMeasure.ofFunction, comap_apply]",-0.18257427960634232,-0.19370887590491254,1,1.213742881718812,2,,"[333, 360]",False,Failed
MeasureTheory.OuterMeasure.comap_ofFunction,362,360.0,InternalNode,"őĪ : Type u_1
m : Set őĪ ‚Üí ‚ĄĚ‚Č•0‚ąě
m_empty : m ‚ąÖ = 0
ő≤ : Type u_2
f : ő≤ ‚Üí őĪ
h : (‚ąÄ ‚¶Éa b : Set őĪ‚¶Ą, a ‚äÜ b ‚Üí m a ‚Č§ m b) ‚ą® ‚ąÄ (b : őĪ), ‚ąÉ a, f a = b
‚äĘ (comap f)
      { measureOf := fun s => ‚®Ö f, ‚®Ö (_ : s ‚äÜ ‚čÉ i, f i), ‚ąĎ' (i : ‚Ąē), m (f i), empty := ‚čĮ, mono := ‚čĮ, iUnion_nat := ‚čĮ } =
    { measureOf := fun s => ‚®Ö f_1, ‚®Ö (_ : s ‚äÜ ‚čÉ i, f_1 i), ‚ąĎ' (i : ‚Ąē), m (f '' f_1 i), empty := ‚čĮ, mono := ‚čĮ,
      iUnion_nat := ‚čĮ }","simp_all [OuterMeasure.ofFunction, comap_apply, le_refl]",-0.1831623259044829,-0.19370887590491254,1,1.213742881718812,2,,"[333, 360]",False,Failed
MeasureTheory.OuterMeasure.comap_ofFunction,366,360.0,InternalNode,"őĪ : Type u_1
m : Set őĪ ‚Üí ‚ĄĚ‚Č•0‚ąě
m_empty : m ‚ąÖ = 0
ő≤ : Type u_2
f : ő≤ ‚Üí őĪ
h : (‚ąÄ ‚¶Éa b : Set őĪ‚¶Ą, a ‚äÜ b ‚Üí m a ‚Č§ m b) ‚ą® ‚ąÄ (b : őĪ), ‚ąÉ a, f a = b
‚äĘ (comap f)
      { measureOf := fun s => ‚®Ö f, ‚®Ö (_ : s ‚äÜ ‚čÉ i, f i), ‚ąĎ' (i : ‚Ąē), m (f i), empty := ‚čĮ, mono := ‚čĮ, iUnion_nat := ‚čĮ } =
    { measureOf := fun s => ‚®Ö f_1, ‚®Ö (_ : s ‚äÜ ‚čÉ i, f_1 i), ‚ąĎ' (i : ‚Ąē), m (f '' f_1 i), empty := ‚čĮ, mono := ‚čĮ,
      iUnion_nat := ‚čĮ }","simp [OuterMeasure.ofFunction, comap_apply, h]",-0.34795207530260086,-0.19370887590491254,1,1.213742881718812,2,,"[333, 360]",False,Failed
MeasureTheory.OuterMeasure.comap_ofFunction,379,333.0,InternalNode,"őĪ : Type u_1
m : Set őĪ ‚Üí ‚ĄĚ‚Č•0‚ąě
m_empty : m ‚ąÖ = 0
ő≤ : Type u_2
f : ő≤ ‚Üí őĪ
h : Monotone m ‚ą® Surjective f
‚äĘ (comap f)
      { measureOf := fun s => ‚®Ö f, ‚®Ö (_ : s ‚äÜ ‚čÉ i, f i), ‚ąĎ' (i : ‚Ąē), m (f i), empty := ‚čĮ, mono := ‚čĮ, iUnion_nat := ‚čĮ } =
    { measureOf := fun s => ‚®Ö f_1, ‚®Ö (_ : s ‚äÜ ‚čÉ i, f_1 i), ‚ąĎ' (i : ‚Ąē), m (f '' f_1 i), empty := ‚čĮ, mono := ‚čĮ,
      iUnion_nat := ‚čĮ }","simp_all [OuterMeasure.ofFunction, comap_apply]",-0.2390783131122589,-0.2390783131122589,1,1.2700779964499935,4,,[333],False,Failed
MeasureTheory.OuterMeasure.comap_ofFunction,380,379.0,InternalNode,"őĪ : Type u_1
m : Set őĪ ‚Üí ‚ĄĚ‚Č•0‚ąě
m_empty : m ‚ąÖ = 0
ő≤ : Type u_2
f : ő≤ ‚Üí őĪ
h : (‚ąÄ ‚¶Éa b : Set őĪ‚¶Ą, a ‚äÜ b ‚Üí m a ‚Č§ m b) ‚ą® ‚ąÄ (b : őĪ), ‚ąÉ a, f a = b
‚äĘ (comap f)
      { measureOf := fun s => ‚®Ö f, ‚®Ö (_ : s ‚äÜ ‚čÉ i, f i), ‚ąĎ' (i : ‚Ąē), m (f i), empty := ‚čĮ, mono := ‚čĮ, iUnion_nat := ‚čĮ } =
    { measureOf := fun s => ‚®Ö f_1, ‚®Ö (_ : s ‚äÜ ‚čÉ i, f_1 i), ‚ąĎ' (i : ‚Ąē), m (f '' f_1 i), empty := ‚čĮ, mono := ‚čĮ,
      iUnion_nat := ‚čĮ }","simp_all [comap_apply, Monotone, Surjective]",-0.23948627359726848,-0.19370887590491254,1,1.213742881718812,2,,"[333, 379]",False,Failed
MeasureTheory.OuterMeasure.comap_ofFunction,381,379.0,InternalNode,"őĪ : Type u_1
m : Set őĪ ‚Üí ‚ĄĚ‚Č•0‚ąě
m_empty : m ‚ąÖ = 0
ő≤ : Type u_2
f : ő≤ ‚Üí őĪ
h : (‚ąÄ ‚¶Éa b : Set őĪ‚¶Ą, a ‚äÜ b ‚Üí m a ‚Č§ m b) ‚ą® ‚ąÄ (b : őĪ), ‚ąÉ a, f a = b
‚äĘ (comap f)
      { measureOf := fun s => ‚®Ö f, ‚®Ö (_ : s ‚äÜ ‚čÉ i, f i), ‚ąĎ' (i : ‚Ąē), m (f i), empty := ‚čĮ, mono := ‚čĮ, iUnion_nat := ‚čĮ } =
    { measureOf := fun s => ‚®Ö f_1, ‚®Ö (_ : s ‚äÜ ‚čÉ i, f_1 i), ‚ąĎ' (i : ‚Ąē), m (f '' f_1 i), empty := ‚čĮ, mono := ‚čĮ,
      iUnion_nat := ‚čĮ }","simp_all [comap_apply, Monotone, Surjective, le_refl, le_of_eq, eq_self_iff_true, and_self_iff]",-0.23978854077202932,-0.19370887590491254,1,1.213742881718812,2,,"[333, 379]",False,Failed
MeasureTheory.OuterMeasure.comap_ofFunction,384,379.0,InternalNode,"őĪ : Type u_1
m : Set őĪ ‚Üí ‚ĄĚ‚Č•0‚ąě
m_empty : m ‚ąÖ = 0
ő≤ : Type u_2
f : ő≤ ‚Üí őĪ
h : (‚ąÄ ‚¶Éa b : Set őĪ‚¶Ą, a ‚äÜ b ‚Üí m a ‚Č§ m b) ‚ą® ‚ąÄ (b : őĪ), ‚ąÉ a, f a = b
‚äĘ (comap f)
      { measureOf := fun s => ‚®Ö f, ‚®Ö (_ : s ‚äÜ ‚čÉ i, f i), ‚ąĎ' (i : ‚Ąē), m (f i), empty := ‚čĮ, mono := ‚čĮ, iUnion_nat := ‚čĮ } =
    { measureOf := fun s => ‚®Ö f_1, ‚®Ö (_ : s ‚äÜ ‚čÉ i, f_1 i), ‚ąĎ' (i : ‚Ąē), m (f '' f_1 i), empty := ‚čĮ, mono := ‚čĮ,
      iUnion_nat := ‚čĮ }","simp_all [comap_apply, Monotone, Surjective, Function.comp]",-0.3429646208172753,-0.19370887590491254,1,1.213742881718812,2,,"[333, 379]",False,Failed
MeasureTheory.OuterMeasure.comap_ofFunction,403,333.0,InternalNode,"őĪ : Type u_1
m : Set őĪ ‚Üí ‚ĄĚ‚Č•0‚ąě
m_empty : m ‚ąÖ = 0
ő≤ : Type u_2
f : ő≤ ‚Üí őĪ
h : Monotone m ‚ą® Surjective f
‚äĘ (comap f)
      { measureOf := fun s => ‚®Ö f, ‚®Ö (_ : s ‚äÜ ‚čÉ i, f i), ‚ąĎ' (i : ‚Ąē), m (f i), empty := ‚čĮ, mono := ‚čĮ, iUnion_nat := ‚čĮ } =
    { measureOf := fun s => ‚®Ö f_1, ‚®Ö (_ : s ‚äÜ ‚čÉ i, f_1 i), ‚ąĎ' (i : ‚Ąē), m (f '' f_1 i), empty := ‚čĮ, mono := ‚čĮ,
      iUnion_nat := ‚čĮ }","simp [OuterMeasure.ofFunction, comap_apply, h]",-0.2782476097345352,-0.2390783131122589,1,1.2700779964499935,4,,[333],False,Failed
MeasureTheory.OuterMeasure.comap_ofFunction,404,333.0,InternalNode,"őĪ : Type u_1
m : Set őĪ ‚Üí ‚ĄĚ‚Č•0‚ąě
m_empty : m ‚ąÖ = 0
ő≤ : Type u_2
f : ő≤ ‚Üí őĪ
h : (‚ąÄ ‚¶Éa b : Set őĪ‚¶Ą, a ‚äÜ b ‚Üí m a ‚Č§ m b) ‚ą® Surjective f
‚äĘ (comap f)
      { measureOf := fun s => ‚®Ö f, ‚®Ö (_ : s ‚äÜ ‚čÉ i, f i), ‚ąĎ' (i : ‚Ąē), m (f i), empty := ‚čĮ, mono := ‚čĮ, iUnion_nat := ‚čĮ } =
    { measureOf := fun s => ‚®Ö f_1, ‚®Ö (_ : s ‚äÜ ‚čÉ i, f_1 i), ‚ąĎ' (i : ‚Ąē), m (f '' f_1 i), empty := ‚čĮ, mono := ‚čĮ,
      iUnion_nat := ‚čĮ }","simp_all [OuterMeasure.ofFunction, comap_apply, Monotone]",-0.2912633419036865,-0.2912633419036865,1,1.3381169198126193,5,,[333],False,Failed
MeasureTheory.OuterMeasure.comap_ofFunction,412,404.0,InternalNode,"őĪ : Type u_1
m : Set őĪ ‚Üí ‚ĄĚ‚Č•0‚ąě
m_empty : m ‚ąÖ = 0
ő≤ : Type u_2
f : ő≤ ‚Üí őĪ
h : (‚ąÄ ‚¶Éa b : Set őĪ‚¶Ą, a ‚äÜ b ‚Üí m a ‚Č§ m b) ‚ą® Surjective f
‚äĘ (comap f) { measureOf := fun s => ‚®Ö x, ‚ąĎ' (i : ‚Ąē), m (‚ÜĎx i), empty := ‚čĮ, mono := ‚čĮ, iUnion_nat := ‚čĮ } =
    { measureOf := fun s => ‚®Ö x, ‚ąĎ' (i : ‚Ąē), m (f '' ‚ÜĎx i), empty := ‚čĮ, mono := ‚čĮ, iUnion_nat := ‚čĮ }","simp [comap_apply, iInf_subtype', iInf_comm]",-0.4691221588536313,-0.7603855007573178,2,1.462566472508207,6,,"[333, 404]",False,Failed
MeasureTheory.OuterMeasure.comap_ofFunction,415,412.0,InternalNode,"őĪ : Type u_1
m : Set őĪ ‚Üí ‚ĄĚ‚Č•0‚ąě
m_empty : m ‚ąÖ = 0
ő≤ : Type u_2
f : ő≤ ‚Üí őĪ
h : (‚ąÄ ‚¶Éa b : Set őĪ‚¶Ą, (‚ąÄ x ‚ąą a, x ‚ąą b) ‚Üí m a ‚Č§ m b) ‚ą® Surjective f
‚äĘ (comap f) { measureOf := fun s => ‚®Ö x, ‚ąĎ' (i : ‚Ąē), m (‚ÜĎx i), empty := ‚čĮ, mono := ‚čĮ, iUnion_nat := ‚čĮ } =
    { measureOf := fun s => ‚®Ö x, ‚ąĎ' (i : ‚Ąē), m (f '' ‚ÜĎx i), empty := ‚čĮ, mono := ‚čĮ, iUnion_nat := ‚čĮ }","simp_all [comap_apply, le_refl, le_of_eq, Set.subset_def]",-0.33678296318760625,-1.0971684639449242,3,1.44155561878266,7,,"[333, 404, 412]",False,Failed
MeasureTheory.OuterMeasure.comap_ofFunction,492,333.0,InternalNode,"őĪ : Type u_1
m : Set őĪ ‚Üí ‚ĄĚ‚Č•0‚ąě
m_empty : m ‚ąÖ = 0
ő≤ : Type u_2
f : ő≤ ‚Üí őĪ
h : (‚ąÄ ‚¶Éa b : Set őĪ‚¶Ą, a ‚äÜ b ‚Üí m a ‚Č§ m b) ‚ą® ‚ąÄ (b : őĪ), ‚ąÉ a, f a = b
‚äĘ (comap f)
      { measureOf := fun s => ‚®Ö f, ‚®Ö (_ : s ‚äÜ ‚čÉ i, f i), ‚ąĎ' (i : ‚Ąē), m (f i), empty := ‚čĮ, mono := ‚čĮ, iUnion_nat := ‚čĮ } =
    { measureOf := fun s => ‚®Ö f_1, ‚®Ö (_ : s ‚äÜ ‚čÉ i, f_1 i), ‚ąĎ' (i : ‚Ąē), m (f '' f_1 i), empty := ‚čĮ, mono := ‚čĮ,
      iUnion_nat := ‚čĮ }","simp_all [OuterMeasure.ofFunction, Monotone, Surjective]",-0.30546753274069893,-0.19370887590491254,1,1.213742881718812,2,,[333],False,Failed
MeasureTheory.OuterMeasure.comap_ofFunction,494,333.0,InternalNode,"őĪ : Type u_1
m : Set őĪ ‚Üí ‚ĄĚ‚Č•0‚ąě
m_empty : m ‚ąÖ = 0
ő≤ : Type u_2
f : ő≤ ‚Üí őĪ
h : Monotone m ‚ą® Surjective f
‚äĘ (comap f)
      { measureOf := fun s => ‚®Ö f, ‚®Ö (_ : s ‚äÜ ‚čÉ i, f i), ‚ąĎ' (i : ‚Ąē), m (f i), empty := ‚čĮ, mono := ‚čĮ, iUnion_nat := ‚čĮ } =
    { measureOf := fun s => ‚®Ö f_1, ‚®Ö (_ : s ‚äÜ ‚čÉ i, f_1 i), ‚ąĎ' (i : ‚Ąē), m (f '' f_1 i), empty := ‚čĮ, mono := ‚čĮ,
      iUnion_nat := ‚čĮ }","simp [h, OuterMeasure.ofFunction, comap_apply, Monotone, Surjective]",-0.3621900029804396,-0.2390783131122589,1,1.2700779964499935,4,,[333],False,Failed
MeasureTheory.OuterMeasure.comap_ofFunction,496,333.0,InternalNode,"őĪ : Type u_1
m : Set őĪ ‚Üí ‚ĄĚ‚Č•0‚ąě
m_empty : m ‚ąÖ = 0
ő≤ : Type u_2
f : ő≤ ‚Üí őĪ
h : Monotone m ‚ą® Surjective f
‚äĘ (comap f)
      { measureOf := fun s => ‚®Ö f, ‚®Ö (_ : s ‚äÜ ‚čÉ i, f i), ‚ąĎ' (i : ‚Ąē), m (f i), empty := ‚čĮ, mono := ‚čĮ, iUnion_nat := ‚čĮ } =
    { measureOf := fun s => ‚®Ö f_1, ‚®Ö (_ : s ‚äÜ ‚čÉ i, f_1 i), ‚ąĎ' (i : ‚Ąē), m (f '' f_1 i), empty := ‚čĮ, mono := ‚čĮ,
      iUnion_nat := ‚čĮ }","simp [OuterMeasure.ofFunction, comap_apply, Monotone]",-0.40255623393588597,-0.2390783131122589,1,1.2700779964499935,4,,[333],False,Failed
MeasureTheory.integrable_of_intervalIntegral_norm_bounded,500,,InternalNode,"őĻ : Type u_1
E : Type u_2
őľ : Measure ‚ĄĚ
l : Filter őĻ
inst‚úĚ¬≤ : l.NeBot
inst‚úĚ¬Ļ : l.IsCountablyGenerated
inst‚úĚ : NormedAddCommGroup E
a b : őĻ ‚Üí ‚ĄĚ
f : ‚ĄĚ ‚Üí E
I : ‚ĄĚ
hfi : ‚ąÄ (i : őĻ), IntegrableOn f (Ioc (a i) (b i)) őľ
ha : Tendsto a l atBot
hb : Tendsto b l atTop
h : ‚ąÄŠ∂† (i : őĻ) in l, ‚ąę (x : ‚ĄĚ) in a i..b i, ‚ÄĖf x‚ÄĖ ‚ąāőľ ‚Č§ I
‚äĘ Integrable f őľ",,0.0,0.0,0,,1,,[],False,Open
NNReal.le_inv_iff_mul_le,501,,InternalNode,"r p : ‚ĄĚ‚Č•0
h : p ‚Č† 0
‚äĘ r ‚Č§ p‚ĀĽ¬Ļ ‚ÜĒ r * p ‚Č§ 1",,0.0,0.0,0,,1,,[],True,Proved
NNReal.le_inv_iff_mul_le,502,501.0,InternalNode,"r p : ‚ĄĚ‚Č•0
h : p ‚Č† 0
‚äĘ p * r ‚Č§ p * p‚ĀĽ¬Ļ ‚ÜĒ r * p ‚Č§ 1",rw [‚Üź mul_le_mul_left (by positivity : (0 : ‚ĄĚ‚Č•0) < p)],-0.2469114248569195,-0.2469114248569195,1,1.280065725751897,2,,[501],True,Proved
NNReal.le_inv_iff_mul_le,533,501.0,InternalNode,"r p : ‚ĄĚ‚Č•0
h : p ‚Č† 0
‚äĘ r ‚Č§ p‚ĀĽ¬Ļ ‚ÜĒ r * p ‚Č§ 1",ring_nf,-0.6623144547144572,0.0,0,,1,,[501],False,Proved
Polynomial.Monic.degree_mul_comm,539,,InternalNode,"R : Type u
S : Type v
a b : R
m n : ‚Ąē
őĻ : Type y
inst‚úĚ : Semiring R
p q‚úĚ r : R[X]
hp : p.Monic
q : R[X]
‚äĘ (p * q).degree = (q * p).degree",,0.0,0.0,0,,1,,[],False,Open
Polynomial.Monic.degree_mul_comm,543,539.0,InternalNode,"R : Type u
S : Type v
a b : R
m n : ‚Ąē
őĻ : Type y
inst‚úĚ : Semiring R
p q‚úĚ r : R[X]
hp : p.Monic
q : R[X]
‚äĘ (p * q).degree = (q * p).degree",ring_nf,-0.7994798421859741,0.0,0,,1,,[539],False,Open
Polynomial.Monic.degree_mul_comm,546,539.0,InternalNode,"R : Type u
S : Type v
a b : R
m n : ‚Ąē
őĻ : Type y
inst‚úĚ : Semiring R
p q‚úĚ r : R[X]
hp : p.Monic
q : R[X]
‚äĘ (p * q).degree = (q * p).degree",ring,-1.921875,0.0,0,,1,,[539],False,Open
SetTheory.PGame.zero_lf_inv',547,,InternalNode,"‚äĘ ‚ąÄ (x : PGame), 0 ‚ßŹ x.inv'",,0.0,0.0,0,,1,,[],False,Failed
SetTheory.PGame.zero_lf_inv',548,547.0,InternalNode,"‚äĘ ‚ąÄ (x : PGame), ‚ąÉ i, 0 ‚Č§ x.inv'.moveLeft i",simp [lf_iff_exists_le],-0.40281817046078766,-0.40281817046078766,1,1.4960348436048874,2,,[547],False,Failed
